{
  "generated_at": "2025-12-27T22:38:14.461544",
  "n_predictions": 1589,
  "risk_distribution": {
    "High": 1257,
    "Critical": 301,
    "Medium": 31
  },
  "avg_win_probability": 0.42866771554436756
}