{
  "generated_at": "2025-12-27T12:34:04.391241",
  "n_predictions": 1589,
  "risk_distribution": {
    "High": 1257,
    "Critical": 332
  },
  "avg_win_probability": 0.4231611076148521
}